{
   "device_class" : "controller",
   "device_pid" : 8960,
   "device_serial_number" : "LHR-A5FE0358",
   "device_vid" : 10462,
   "head" : {
      "plus_x" : [ 1, 0, 0 ],
      "plus_z" : [ 0, 0, 1 ],
      "position" : [ 0, 0.014999999664723873, -0.039999999105930328 ]
   },
   "imu" : {
"acc_scale" : [ 1, 0.997, 0.9925 ],
"acc_bias" : [ -0.143, 0.125, -0.2394 ],
"gyro_scale" : [ 1.0, 1.0, 1.0 ],
"gyro_bias" : [ -0.03465, 0.02287, 0.02123 ],
      "plus_x" : [ -1, 0, 0 ],
      "plus_z" : [ -0, 0, -1 ],
      "position" : [ 0.0063609997741878033, -0.012949000112712383, -0.0030539999715983868 ]
   },
   "lighthouse_config" : {
      "channelMap" : [ 29, 25, 12, 2, 5, 28, 8, 13, 31, 10 ],
      "modelNormals" : [
         [ 0, 0, -1 ],
         [ 0.7071068286895752, -0.7071068286895752, 0 ],
         [ -0.7071068286895752, 0.7071068286895752, 0 ],
         [ -0.7071068286895752, -0.7071068286895752, 0 ],
         [ 0, -1, 0 ],
         [ 1, 0, 0 ],
         [ -1, -0, -0 ],
         [ 0, -0.7071068286895752, -0.7071068286895752 ],
         [ 0.7071068286895752, 0, -0.7071068286895752 ],
         [ -0.7071068286895752, 0, -0.7071068286895752 ]
      ],
      "modelPoints" : [
         [ 0.00010059497435577214, 0.00028906218358315527, -0.026960773393511772 ],
         [ 0.011357367970049381, -0.012307293713092804, -0.021439878270030022 ],
         [ -0.01210405956953764, 0.011732571758329868, -0.021549750119447708 ],
         [ -0.011293833144009113, -0.011963334865868092, -0.021634567528963089 ],
         [ -0.0003493272524792701, -0.015789119526743889, -0.021357690915465355 ],
         [ 0.015900667756795883, 0.00038380722980946302, -0.021051671355962753 ],
         [ -0.015685221180319786, -0.00023535510990768671, -0.020800845697522163 ],
         [
            1.5614810763509013e-005,
            -0.020984582602977753,
            -0.0036854285281151533
         ],
         [ 0.02156878262758255, -0.00018438574625179172, -0.0036968893837183714 ],
         [
            -0.021328506991267204,
            8.5309147834777832e-005,
            -0.0038675754331052303
         ]
      ]
   },
   "render_model" : "paddles02",
   "revision" : 4,
   "tracked_controller_role" : "",
   "type" : "Lighthouse_HMD"
}
